Месяц;Позиция;Группа;Продано, шт.;Цена, руб.;Выручка, руб.;Себестоимость, руб.
01.01.2023;Эль «Гарцующий пони» 0,5;Пиво разливное;2635;390;1027650;304975
01.02.2023;Эль «Гарцующий пони» 0,5;Пиво разливное;2647;385;1019095;310414
01.03.2023;Эль «Гарцующий пони» 0,5;Пиво разливное;2858;390;1114620;339073
01.04.2023;Эль «Гарцующий пони» 0,5;Пиво разливное;3184;390;1241760;377431
01.05.2023;Эль «Гарцующий пони» 0,5;Пиво разливное;3233;390;1260870;365782
01.06.2023;Эль «Гарцующий пони» 0,5;Пиво разливное;3101;390;1209390;384121
01.07.2023;Эль «Гарцующий пони» 0,5;Пиво разливное;3072;390;1198080;347351
01.08.2023;Эль «Гарцующий пони» 0,5;Пиво разливное;3125;390;1218750;367031
01.09.2023;Эль «Гарцующий пони» 0,5;Пиво разливное;3505;390;1366950;416569
01.10.2023;Эль «Гарцующий пони» 0,5;Пиво разливное;3508;390;1368120;408577
01.11.2023;Эль «Гарцующий пони» 0,5;Пиво разливное;3522;390;1373580;413765
01.12.2023;Эль «Гарцующий пони» 0,5;Пиво разливное;4408;390;1719120;514414
01.01.2024;Эль «Гарцующий пони» 0,5;Пиво разливное;3137;415;1301855;383404
01.02.2024;Эль «Гарцующий пони» 0,5;Пиво разливное;3023;420;1269660;389151
01.03.2024;Эль «Гарцующий пони» 0,5;Пиво разливное;2785;420;1169700;333977
01.04.2024;Эль «Гарцующий пони» 0,5;Пиво разливное;3282;415;1362030;419637
01.05.2024;Эль «Гарцующий пони» 0,5;Пиво разливное;3166;420;1329720;400594
01.06.2024;Эль «Гарцующий пони» 0,5;Пиво разливное;4430;420;1860600;578248
01.07.2024;Эль «Гарцующий пони» 0,5;Пиво разливное;4258;415;1767070;517560
01.08.2024;Эль «Гарцующий пони» 0,5;Пиво разливное;3195;420;1341900;405382
01.09.2024;Эль «Гарцующий пони» 0,5;Пиво разливное;3315;420;1392300;430652
01.10.2024;Эль «Гарцующий пони» 0,5;Пиво разливное;3241;420;1361220;416760
01.11.2024;Эль «Гарцующий пони» 0,5;Пиво разливное;3530;420;1482600;441003
01.12.2024;Эль «Гарцующий пони» 0,5;Пиво разливное;4456;420;1871520;563417
01.01.2025;Эль «Гарцующий пони» 0,5;Пиво разливное;3498;455;1591590;488915
01.02.2025;Эль «Гарцующий пони» 0,5;Пиво разливное;3258;455;1482390;457130
01.03.2025;Эль «Гарцующий пони» 0,5;Пиво разливное;3584;455;1630720;497925
01.04.2025;Эль «Гарцующий пони» 0,5;Пиво разливное;3167;455;1440985;442082
01.05.2025;Эль «Гарцующий пони» 0,5;Пиво разливное;3806;450;1712700;516322
01.06.2025;Эль «Гарцующий пони» 0,5;Пиво разливное;3703;450;1666350;506570
01.07.2025;Эль «Гарцующий пони» 0,5;Пиво разливное;3024;480;1451520;421455
01.08.2025;Эль «Гарцующий пони» 0,5;Пиво разливное;3232;480;1551360;460819
01.09.2025;Эль «Гарцующий пони» 0,5;Пиво разливное;3523;475;1673425;491212
01.10.2025;Эль «Гарцующий пони» 0,5;Пиво разливное;4070;480;1953600;573626
01.11.2025;Эль «Гарцующий пони» 0,5;Пиво разливное;4049;480;1943520;592247
01.12.2025;Эль «Гарцующий пони» 0,5;Пиво разливное;4732;485;2295020;691203
01.01.2023;Лагер «Бри» 0,5;Пиво разливное;2117;345;730365;200628
01.02.2023;Лагер «Бри» 0,5;Пиво разливное;2199;350;769650;219614
01.03.2023;Лагер «Бри» 0,5;Пиво разливное;2158;350;755300;215088
01.04.2023;Лагер «Бри» 0,5;Пиво разливное;2635;350;922250;262789
01.05.2023;Лагер «Бри» 0,5;Пиво разливное;3165;350;1107750;319887
01.06.2023;Лагер «Бри» 0,5;Пиво разливное;3467;350;1213450;341569
01.07.2023;Лагер «Бри» 0,5;Пиво разливное;3852;350;1348200;368752
01.08.2023;Лагер «Бри» 0,5;Пиво разливное;3354;345;1157130;322890
01.09.2023;Лагер «Бри» 0,5;Пиво разливное;2906;350;1017100;275605
01.10.2023;Лагер «Бри» 0,5;Пиво разливное;2267;350;793450;225272
01.11.2023;Лагер «Бри» 0,5;Пиво разливное;2415;350;845250;228338
01.12.2023;Лагер «Бри» 0,5;Пиво разливное;2442;350;854700;230916
01.01.2024;Лагер «Бри» 0,5;Пиво разливное;1973;380;749740;205330
01.02.2024;Лагер «Бри» 0,5;Пиво разливное;2204;380;837520;237635
01.03.2024;Лагер «Бри» 0,5;Пиво разливное;2375;380;902500;243746
01.04.2024;Лагер «Бри» 0,5;Пиво разливное;2448;380;930240;263478
01.05.2024;Лагер «Бри» 0,5;Пиво разливное;3056;380;1161280;327267
01.06.2024;Лагер «Бри» 0,5;Пиво разливное;4157;380;1579660;433035
01.07.2024;Лагер «Бри» 0,5;Пиво разливное;4424;380;1681120;462441
01.08.2024;Лагер «Бри» 0,5;Пиво разливное;3321;380;1261980;357140
01.09.2024;Лагер «Бри» 0,5;Пиво разливное;2851;380;1083380;302890
01.10.2024;Лагер «Бри» 0,5;Пиво разливное;2802;380;1064760;300234
01.11.2024;Лагер «Бри» 0,5;Пиво разливное;2266;380;861080;244071
01.12.2024;Лагер «Бри» 0,5;Пиво разливное;2459;380;934420;261244
01.01.2025;Лагер «Бри» 0,5;Пиво разливное;2300;405;931500;253529
01.02.2025;Лагер «Бри» 0,5;Пиво разливное;2142;400;856800;254577
01.03.2025;Лагер «Бри» 0,5;Пиво разливное;2611;405;1057455;287680
01.04.2025;Лагер «Бри» 0,5;Пиво разливное;2788;405;1129140;326475
01.05.2025;Лагер «Бри» 0,5;Пиво разливное;3123;400;1249200;351900
01.06.2025;Лагер «Бри» 0,5;Пиво разливное;3735;405;1512675;426126
01.07.2025;Лагер «Бри» 0,5;Пиво разливное;4045;430;1739350;477917
01.08.2025;Лагер «Бри» 0,5;Пиво разливное;3617;425;1537225;430351
01.09.2025;Лагер «Бри» 0,5;Пиво разливное;2935;420;1232700;348766
01.10.2025;Лагер «Бри» 0,5;Пиво разливное;2641;425;1122425;306250
01.11.2025;Лагер «Бри» 0,5;Пиво разливное;2306;425;980050;271900
01.12.2025;Лагер «Бри» 0,5;Пиво разливное;2757;425;1171725;325491
01.01.2023;Стаут «Тёмный лес» 0,5;Пиво разливное;2103;420;883260;279951
01.02.2023;Стаут «Тёмный лес» 0,5;Пиво разливное;1801;420;756420;244792
01.03.2023;Стаут «Тёмный лес» 0,5;Пиво разливное;1535;420;644700;215361
01.04.2023;Стаут «Тёмный лес» 0,5;Пиво разливное;1361;420;571620;182238
01.05.2023;Стаут «Тёмный лес» 0,5;Пиво разливное;1285;420;539700;170340
01.06.2023;Стаут «Тёмный лес» 0,5;Пиво разливное;1147;420;481740;157001
01.07.2023;Стаут «Тёмный лес» 0,5;Пиво разливное;1200;420;504000;166440
01.08.2023;Стаут «Тёмный лес» 0,5;Пиво разливное;1239;420;520380;162718
01.09.2023;Стаут «Тёмный лес» 0,5;Пиво разливное;1384;415;574360;183172
01.10.2023;Стаут «Тёмный лес» 0,5;Пиво разливное;1539;420;646380;207488
01.11.2023;Стаут «Тёмный лес» 0,5;Пиво разливное;1663;420;698460;227615
01.12.2023;Стаут «Тёмный лес» 0,5;Пиво разливное;1936;420;813120;248679
01.01.2024;Стаут «Тёмный лес» 0,5;Пиво разливное;1989;445;885105;282458
01.02.2024;Стаут «Тёмный лес» 0,5;Пиво разливное;2053;450;923850;296330
01.03.2024;Стаут «Тёмный лес» 0,5;Пиво разливное;1747;445;777415;248546
01.04.2024;Стаут «Тёмный лес» 0,5;Пиво разливное;1444;450;649800;206954
01.05.2024;Стаут «Тёмный лес» 0,5;Пиво разливное;1363;445;606535;188857
01.06.2024;Стаут «Тёмный лес» 0,5;Пиво разливное;1528;450;687600;218840
01.07.2024;Стаут «Тёмный лес» 0,5;Пиво разливное;1226;445;545570;179106
01.08.2024;Стаут «Тёмный лес» 0,5;Пиво разливное;1215;450;546750;177074
01.09.2024;Стаут «Тёмный лес» 0,5;Пиво разливное;1412;445;628340;206251
01.10.2024;Стаут «Тёмный лес» 0,5;Пиво разливное;1566;450;704700;228010
01.11.2024;Стаут «Тёмный лес» 0,5;Пиво разливное;1782;445;792990;256359
01.12.2024;Стаут «Тёмный лес» 0,5;Пиво разливное;2192;445;975440;303899
01.01.2025;Стаут «Тёмный лес» 0,5;Пиво разливное;2007;470;943290;308436
01.02.2025;Стаут «Тёмный лес» 0,5;Пиво разливное;1989;470;934830;302169
01.03.2025;Стаут «Тёмный лес» 0,5;Пиво разливное;1769;470;831430;268322
01.04.2025;Стаут «Тёмный лес» 0,5;Пиво разливное;1563;475;742425;242062
01.05.2025;Стаут «Тёмный лес» 0,5;Пиво разливное;1406;475;667850;215905
01.06.2025;Стаут «Тёмный лес» 0,5;Пиво разливное;1171;470;550370;177254
01.07.2025;Стаут «Тёмный лес» 0,5;Пиво разливное;1034;500;517000;160539
01.08.2025;Стаут «Тёмный лес» 0,5;Пиво разливное;1153;500;576500;185495
01.09.2025;Стаут «Тёмный лес» 0,5;Пиво разливное;1381;500;690500;220794
01.10.2025;Стаут «Тёмный лес» 0,5;Пиво разливное;1646;500;823000;262339
01.11.2025;Стаут «Тёмный лес» 0,5;Пиво разливное;1980;500;990000;320443
01.12.2025;Стаут «Тёмный лес» 0,5;Пиво разливное;2441;500;1220500;398152
01.01.2023;Сидр «Яблочный Шир» 0,5;Пиво разливное;852;380;323760;106900
01.02.2023;Сидр «Яблочный Шир» 0,5;Пиво разливное;899;375;337125;109741
01.03.2023;Сидр «Яблочный Шир» 0,5;Пиво разливное;1011;380;384180;125738
01.04.2023;Сидр «Яблочный Шир» 0,5;Пиво разливное;1089;380;413820;135254
01.05.2023;Сидр «Яблочный Шир» 0,5;Пиво разливное;1181;380;448780;145464
01.06.2023;Сидр «Яблочный Шир» 0,5;Пиво разливное;1495;380;568100;188400
01.07.2023;Сидр «Яблочный Шир» 0,5;Пиво разливное;1478;380;561640;188652
01.08.2023;Сидр «Яблочный Шир» 0,5;Пиво разливное;1457;380;553660;188230
01.09.2023;Сидр «Яблочный Шир» 0,5;Пиво разливное;1207;380;458660;149016
01.10.2023;Сидр «Яблочный Шир» 0,5;Пиво разливное;1209;385;465465;155780
01.11.2023;Сидр «Яблочный Шир» 0,5;Пиво разливное;1069;380;406220;133240
01.12.2023;Сидр «Яблочный Шир» 0,5;Пиво разливное;1120;375;420000;136730
01.01.2024;Сидр «Яблочный Шир» 0,5;Пиво разливное;856;410;350960;117495
01.02.2024;Сидр «Яблочный Шир» 0,5;Пиво разливное;940;410;385400;125311
01.03.2024;Сидр «Яблочный Шир» 0,5;Пиво разливное;1077;410;441570;147861
01.04.2024;Сидр «Яблочный Шир» 0,5;Пиво разливное;1192;410;488720;152755
01.05.2024;Сидр «Яблочный Шир» 0,5;Пиво разливное;1252;410;513320;179675
01.06.2024;Сидр «Яблочный Шир» 0,5;Пиво разливное;1823;410;747430;248876
01.07.2024;Сидр «Яблочный Шир» 0,5;Пиво разливное;2264;410;928240;309285
01.08.2024;Сидр «Яблочный Шир» 0,5;Пиво разливное;1611;410;660510;216132
01.09.2024;Сидр «Яблочный Шир» 0,5;Пиво разливное;1303;410;534230;177860
01.10.2024;Сидр «Яблочный Шир» 0,5;Пиво разливное;1133;410;464530;152932
01.11.2024;Сидр «Яблочный Шир» 0,5;Пиво разливное;977;410;400570;133175
01.12.2024;Сидр «Яблочный Шир» 0,5;Пиво разливное;1162;410;476420;156649
01.01.2025;Сидр «Яблочный Шир» 0,5;Пиво разливное;1022;440;449680;150735
01.02.2025;Сидр «Яблочный Шир» 0,5;Пиво разливное;988;445;439660;140671
01.03.2025;Сидр «Яблочный Шир» 0,5;Пиво разливное;1190;440;523600;175406
01.04.2025;Сидр «Яблочный Шир» 0,5;Пиво разливное;1349;440;593560;198586
01.05.2025;Сидр «Яблочный Шир» 0,5;Пиво разливное;1452;445;646140;211469
01.06.2025;Сидр «Яблочный Шир» 0,5;Пиво разливное;1631;445;725795;243834
01.07.2025;Сидр «Яблочный Шир» 0,5;Пиво разливное;1683;465;782595;264685
01.08.2025;Сидр «Яблочный Шир» 0,5;Пиво разливное;1683;470;791010;260343
01.09.2025;Сидр «Яблочный Шир» 0,5;Пиво разливное;1343;465;624495;208984
01.10.2025;Сидр «Яблочный Шир» 0,5;Пиво разливное;1242;470;583740;187455
01.11.2025;Сидр «Яблочный Шир» 0,5;Пиво разливное;1123;470;527810;169573
01.12.2025;Сидр «Яблочный Шир» 0,5;Пиво разливное;1204;470;565880;189100
01.04.2024;Крафтовый IPA «Хоббитон» 0,5;Пиво разливное;217;490;106330;37884
01.05.2024;Крафтовый IPA «Хоббитон» 0,5;Пиво разливное;464;490;227360;81321
01.06.2024;Крафтовый IPA «Хоббитон» 0,5;Пиво разливное;1141;490;559090;202779
01.07.2024;Крафтовый IPA «Хоббитон» 0,5;Пиво разливное;1508;490;738920;267564
01.08.2024;Крафтовый IPA «Хоббитон» 0,5;Пиво разливное;1503;490;736470;257043
01.09.2024;Крафтовый IPA «Хоббитон» 0,5;Пиво разливное;1292;490;633080;225441
01.10.2024;Крафтовый IPA «Хоббитон» 0,5;Пиво разливное;1192;490;584080;208970
01.11.2024;Крафтовый IPA «Хоббитон» 0,5;Пиво разливное;1137;495;562815;199157
01.12.2024;Крафтовый IPA «Хоббитон» 0,5;Пиво разливное;1133;490;555170;195318
01.01.2025;Крафтовый IPA «Хоббитон» 0,5;Пиво разливное;1033;535;552655;195537
01.02.2025;Крафтовый IPA «Хоббитон» 0,5;Пиво разливное;1091;535;583685;205904
01.03.2025;Крафтовый IPA «Хоббитон» 0,5;Пиво разливное;1164;540;628560;228249
01.04.2025;Крафтовый IPA «Хоббитон» 0,5;Пиво разливное;1421;535;760235;266779
01.05.2025;Крафтовый IPA «Хоббитон» 0,5;Пиво разливное;1600;535;856000;311440
01.06.2025;Крафтовый IPA «Хоббитон» 0,5;Пиво разливное;1757;535;939995;341859
01.07.2025;Крафтовый IPA «Хоббитон» 0,5;Пиво разливное;1748;570;996360;365419
01.08.2025;Крафтовый IPA «Хоббитон» 0,5;Пиво разливное;1803;565;1018695;355317
01.09.2025;Крафтовый IPA «Хоббитон» 0,5;Пиво разливное;1530;565;864450;318102
01.10.2025;Крафтовый IPA «Хоббитон» 0,5;Пиво разливное;1406;565;794390;284237
01.11.2025;Крафтовый IPA «Хоббитон» 0,5;Пиво разливное;1276;565;720940;262563
01.12.2025;Крафтовый IPA «Хоббитон» 0,5;Пиво разливное;1392;565;786480;284010
01.01.2023;Виски «Старый Тук» 50 мл;Крепкое;930;520;483600;187479
01.02.2023;Виски «Старый Тук» 50 мл;Крепкое;765;525;401625;151409
01.03.2023;Виски «Старый Тук» 50 мл;Крепкое;719;520;373880;143671
01.04.2023;Виски «Старый Тук» 50 мл;Крепкое;592;525;310800;117832
01.05.2023;Виски «Старый Тук» 50 мл;Крепкое;573;525;300825;112594
01.06.2023;Виски «Старый Тук» 50 мл;Крепкое;529;525;277725;106858
01.07.2023;Виски «Старый Тук» 50 мл;Крепкое;453;525;237825;92842
01.08.2023;Виски «Старый Тук» 50 мл;Крепкое;488;520;253760;98352
01.09.2023;Виски «Старый Тук» 50 мл;Крепкое;621;520;322920;122287
01.10.2023;Виски «Старый Тук» 50 мл;Крепкое;749;520;389480;141666
01.11.2023;Виски «Старый Тук» 50 мл;Крепкое;918;520;477360;180672
01.12.2023;Виски «Старый Тук» 50 мл;Крепкое;940;520;488800;183009
01.01.2024;Виски «Старый Тук» 50 мл;Крепкое;919;555;510045;191731
01.02.2024;Виски «Старый Тук» 50 мл;Крепкое;859;555;476745;180888
01.03.2024;Виски «Старый Тук» 50 мл;Крепкое;826;555;458430;171932
01.04.2024;Виски «Старый Тук» 50 мл;Крепкое;639;550;351450;134433
01.05.2024;Виски «Старый Тук» 50 мл;Крепкое;589;555;326895;124662
01.06.2024;Виски «Старый Тук» 50 мл;Крепкое;522;550;287100;113921
01.07.2024;Виски «Старый Тук» 50 мл;Крепкое;469;555;260295;96544
01.08.2024;Виски «Старый Тук» 50 мл;Крепкое;538;555;298590;113722
01.09.2024;Виски «Старый Тук» 50 мл;Крепкое;649;555;360195;140223
01.10.2024;Виски «Старый Тук» 50 мл;Крепкое;759;555;421245;161826
01.11.2024;Виски «Старый Тук» 50 мл;Крепкое;898;555;498390;193241
01.12.2024;Виски «Старый Тук» 50 мл;Крепкое;909;555;504495;195662
01.01.2025;Виски «Старый Тук» 50 мл;Крепкое;924;595;549780;211051
01.02.2025;Виски «Старый Тук» 50 мл;Крепкое;864;590;509760;197070
01.03.2025;Виски «Старый Тук» 50 мл;Крепкое;766;590;451940;174273
01.04.2025;Виски «Старый Тук» 50 мл;Крепкое;648;590;382320;139002
01.05.2025;Виски «Старый Тук» 50 мл;Крепкое;576;585;336960;129237
01.06.2025;Виски «Старый Тук» 50 мл;Крепкое;567;590;334530;125874
01.07.2025;Виски «Старый Тук» 50 мл;Крепкое;446;595;265370;99583
01.08.2025;Виски «Старый Тук» 50 мл;Крепкое;520;590;306800;115248
01.09.2025;Виски «Старый Тук» 50 мл;Крепкое;657;590;387630;147175
01.10.2025;Виски «Старый Тук» 50 мл;Крепкое;788;590;464920;171871
01.11.2025;Виски «Старый Тук» 50 мл;Крепкое;916;595;545020;208427
01.12.2025;Виски «Старый Тук» 50 мл;Крепкое;963;590;568170;216213
01.01.2023;Джин «Туманные горы» 50 мл;Крепкое;429;475;203775;74474
01.02.2023;Джин «Туманные горы» 50 мл;Крепкое;399;480;191520;67343
01.03.2023;Джин «Туманные горы» 50 мл;Крепкое;495;480;237600;81675
01.04.2023;Джин «Туманные горы» 50 мл;Крепкое;489;475;232275;83790
01.05.2023;Джин «Туманные горы» 50 мл;Крепкое;572;480;274560;95032
01.06.2023;Джин «Туманные горы» 50 мл;Крепкое;655;480;314400;108258
01.07.2023;Джин «Туманные горы» 50 мл;Крепкое;676;480;324480;111486
01.08.2023;Джин «Туманные горы» 50 мл;Крепкое;622;480;298560;106629
01.09.2023;Джин «Туманные горы» 50 мл;Крепкое;508;475;241300;83327
01.10.2023;Джин «Туманные горы» 50 мл;Крепкое;448;475;212800;76088
01.11.2023;Джин «Туманные горы» 50 мл;Крепкое;377;480;180960;62951
01.12.2023;Джин «Туманные горы» 50 мл;Крепкое;390;480;187200;68028
01.01.2024;Джин «Туманные горы» 50 мл;Крепкое;374;520;194480;67148
01.02.2024;Джин «Туманные горы» 50 мл;Крепкое;334;520;173680;61680
01.03.2024;Джин «Туманные горы» 50 мл;Крепкое;423;515;217845;72845
01.04.2024;Джин «Туманные горы» 50 мл;Крепкое;454;520;236080;83300
01.05.2024;Джин «Туманные горы» 50 мл;Крепкое;488;520;253760;88421
01.06.2024;Джин «Туманные горы» 50 мл;Крепкое;534;515;275010;94523
01.07.2024;Джин «Туманные горы» 50 мл;Крепкое;559;515;287885;96998
01.08.2024;Джин «Туманные горы» 50 мл;Крепкое;528;520;274560;97036
01.09.2024;Джин «Туманные горы» 50 мл;Крепкое;466;520;242320;85124
01.10.2024;Джин «Туманные горы» 50 мл;Крепкое;403;520;209560;72226
01.11.2024;Джин «Туманные горы» 50 мл;Крепкое;340;520;176800;61006
01.12.2024;Джин «Туманные горы» 50 мл;Крепкое;351;520;182520;62720
01.01.2025;Джин «Туманные горы» 50 мл;Крепкое;306;545;166770;58795
01.02.2025;Джин «Туманные горы» 50 мл;Крепкое;312;545;170040;58690
01.03.2025;Джин «Туманные горы» 50 мл;Крепкое;352;550;193600;66436
01.04.2025;Джин «Туманные горы» 50 мл;Крепкое;378;550;207900;75025
01.05.2025;Джин «Туманные горы» 50 мл;Крепкое;423;550;232650;81085
01.06.2025;Джин «Туманные горы» 50 мл;Крепкое;443;550;243650;86186
01.07.2025;Джин «Туманные горы» 50 мл;Крепкое;493;545;268685;95105
01.08.2025;Джин «Туманные горы» 50 мл;Крепкое;492;540;265680;94341
01.09.2025;Джин «Туманные горы» 50 мл;Крепкое;370;545;201650;71710
01.10.2025;Джин «Туманные горы» 50 мл;Крепкое;317;550;174350;60271
01.11.2025;Джин «Туманные горы» 50 мл;Крепкое;302;545;164590;58277
01.12.2025;Джин «Туманные горы» 50 мл;Крепкое;305;545;166225;57316
01.01.2023;Глинтвейн 250 мл;Крепкое;1178;390;459420;133467
01.02.2023;Глинтвейн 250 мл;Крепкое;953;390;371670;116142
01.03.2023;Глинтвейн 250 мл;Крепкое;662;390;258180;78215
01.04.2023;Глинтвейн 250 мл;Крепкое;440;390;171600;51797
01.05.2023;Глинтвейн 250 мл;Крепкое;219;390;85410;25255
01.06.2023;Глинтвейн 250 мл;Крепкое;147;390;57330;16808
01.07.2023;Глинтвейн 250 мл;Крепкое;138;390;53820;16281
01.08.2023;Глинтвейн 250 мл;Крепкое;181;390;70590;22044
01.09.2023;Глинтвейн 250 мл;Крепкое;396;390;154440;46455
01.10.2023;Глинтвейн 250 мл;Крепкое;691;390;269490;81531
01.11.2023;Глинтвейн 250 мл;Крепкое;1121;390;437190;127917
01.12.2023;Глинтвейн 250 мл;Крепкое;1344;390;524160;157302
01.01.2024;Глинтвейн 250 мл;Крепкое;1139;420;478380;141806
01.02.2024;Глинтвейн 250 мл;Крепкое;1060;420;445200;130433
01.03.2024;Глинтвейн 250 мл;Крепкое;719;425;305575;92960
01.04.2024;Глинтвейн 250 мл;Крепкое;428;420;179760;54086
01.05.2024;Глинтвейн 250 мл;Крепкое;226;425;96050;28973
01.06.2024;Глинтвейн 250 мл;Крепкое;155;425;65875;19583
01.07.2024;Глинтвейн 250 мл;Крепкое;146;425;62050;18430
01.08.2024;Глинтвейн 250 мл;Крепкое;196;425;83300;24765
01.09.2024;Глинтвейн 250 мл;Крепкое;359;420;150780;45130
01.10.2024;Глинтвейн 250 мл;Крепкое;684;425;290700;86718
01.11.2024;Глинтвейн 250 мл;Крепкое;1105;420;464100;139440
01.12.2024;Глинтвейн 250 мл;Крепкое;1650;425;701250;218179
01.01.2025;Глинтвейн 250 мл;Крепкое;1289;445;573605;173590
01.02.2025;Глинтвейн 250 мл;Крепкое;1073;450;482850;145155
01.03.2025;Глинтвейн 250 мл;Крепкое;731;450;328950;100045
01.04.2025;Глинтвейн 250 мл;Крепкое;462;445;205590;62619
01.05.2025;Глинтвейн 250 мл;Крепкое;260;440;114400;34858
01.06.2025;Глинтвейн 250 мл;Крепкое;158;445;70310;20992
01.07.2025;Глинтвейн 250 мл;Крепкое;154;450;69300;21013
01.08.2025;Глинтвейн 250 мл;Крепкое;206;445;91670;28100
01.09.2025;Глинтвейн 250 мл;Крепкое;368;450;165600;48226
01.10.2025;Глинтвейн 250 мл;Крепкое;743;445;330635;100208
01.11.2025;Глинтвейн 250 мл;Крепкое;1192;445;530440;155508
01.12.2025;Глинтвейн 250 мл;Крепкое;1568;445;697760;207619
01.01.2023;Лимонад «Ривенделл» 0,4;Безалкогольное;606;260;157560;31603
01.02.2023;Лимонад «Ривенделл» 0,4;Безалкогольное;618;260;160680;32754
01.03.2023;Лимонад «Ривенделл» 0,4;Безалкогольное;734;260;190840;38528
01.04.2023;Лимонад «Ривенделл» 0,4;Безалкогольное;832;260;216320;42440
01.05.2023;Лимонад «Ривенделл» 0,4;Безалкогольное;890;260;231400;45399
01.06.2023;Лимонад «Ривенделл» 0,4;Безалкогольное;1070;260;278200;55672
01.07.2023;Лимонад «Ривенделл» 0,4;Безалкогольное;1122;260;291720;59152
01.08.2023;Лимонад «Ривенделл» 0,4;Безалкогольное;1037;260;269620;53727
01.09.2023;Лимонад «Ривенделл» 0,4;Безалкогольное;922;260;239720;46423
01.10.2023;Лимонад «Ривенделл» 0,4;Безалкогольное;905;260;235300;46336
01.11.2023;Лимонад «Ривенделл» 0,4;Безалкогольное;824;260;214240;44183
01.12.2023;Лимонад «Ривенделл» 0,4;Безалкогольное;765;260;198900;40094
01.01.2024;Лимонад «Ривенделл» 0,4;Безалкогольное;683;280;191240;37797
01.02.2024;Лимонад «Ривенделл» 0,4;Безалкогольное;733;280;205240;41605
01.03.2024;Лимонад «Ривенделл» 0,4;Безалкогольное;853;280;238840;47521
01.04.2024;Лимонад «Ривенделл» 0,4;Безалкогольное;862;280;241360;47039
01.05.2024;Лимонад «Ривенделл» 0,4;Безалкогольное;1035;280;289800;57349
01.06.2024;Лимонад «Ривенделл» 0,4;Безалкогольное;1131;280;316680;60305
01.07.2024;Лимонад «Ривенделл» 0,4;Безалкогольное;1199;280;335720;66808
01.08.2024;Лимонад «Ривенделл» 0,4;Безалкогольное;1214;285;345990;68846
01.09.2024;Лимонад «Ривенделл» 0,4;Безалкогольное;912;285;259920;51419
01.10.2024;Лимонад «Ривенделл» 0,4;Безалкогольное;903;285;257355;50460
01.11.2024;Лимонад «Ривенделл» 0,4;Безалкогольное;762;280;213360;43007
01.12.2024;Лимонад «Ривенделл» 0,4;Безалкогольное;835;280;233800;46025
01.01.2025;Лимонад «Ривенделл» 0,4;Безалкогольное;750;300;225000;44002
01.02.2025;Лимонад «Ривенделл» 0,4;Безалкогольное;812;295;239540;47007
01.03.2025;Лимонад «Ривенделл» 0,4;Безалкогольное;932;295;274940;55118
01.04.2025;Лимонад «Ривенделл» 0,4;Безалкогольное;1012;300;303600;59860
01.05.2025;Лимонад «Ривенделл» 0,4;Безалкогольное;1055;300;316500;64861
01.06.2025;Лимонад «Ривенделл» 0,4;Безалкогольное;1319;295;389105;77465
01.07.2025;Лимонад «Ривенделл» 0,4;Безалкогольное;1295;295;382025;79642
01.08.2025;Лимонад «Ривенделл» 0,4;Безалкогольное;1285;300;385500;77421
01.09.2025;Лимонад «Ривенделл» 0,4;Безалкогольное;1149;300;344700;71295
01.10.2025;Лимонад «Ривенделл» 0,4;Безалкогольное;930;295;274350;53066
01.11.2025;Лимонад «Ривенделл» 0,4;Безалкогольное;845;295;249275;47726
01.12.2025;Лимонад «Ривенделл» 0,4;Безалкогольное;866;300;259800;51527
01.01.2023;Кофе американо;Безалкогольное;1896;210;398160;71612
01.02.2023;Кофе американо;Безалкогольное;1653;210;347130;59491
01.03.2023;Кофе американо;Безалкогольное;1678;210;352380;65862
01.04.2023;Кофе американо;Безалкогольное;1382;210;290220;53290
01.05.2023;Кофе американо;Безалкогольное;1233;210;258930;45979
01.06.2023;Кофе американо;Безалкогольное;1118;210;234780;41254
01.07.2023;Кофе американо;Безалкогольное;1018;210;213780;37992
01.08.2023;Кофе американо;Безалкогольное;1067;210;224070;39479
01.09.2023;Кофе американо;Безалкогольное;1377;210;289170;52202
01.10.2023;Кофе американо;Безалкогольное;1615;210;339150;61968
01.11.2023;Кофе американо;Безалкогольное;1788;210;375480;68230
01.12.2023;Кофе американо;Безалкогольное;2145;210;450450;84642
01.01.2024;Кофе американо;Безалкогольное;1959;220;430980;76029
01.02.2024;Кофе американо;Безалкогольное;1832;220;403040;71228
01.03.2024;Кофе американо;Безалкогольное;1606;220;353320;64047
01.04.2024;Кофе американо;Безалкогольное;1410;220;310200;57246
01.05.2024;Кофе американо;Безалкогольное;1361;220;299420;53705
01.06.2024;Кофе американо;Безалкогольное;1082;220;238040;42901
01.07.2024;Кофе американо;Безалкогольное;1045;225;235125;42103
01.08.2024;Кофе американо;Безалкогольное;1174;220;258280;46056
01.09.2024;Кофе американо;Безалкогольное;1380;220;303600;54179
01.10.2024;Кофе американо;Безалкогольное;1635;220;359700;64272
01.11.2024;Кофе американо;Безалкогольное;1745;220;383900;68421
01.12.2024;Кофе американо;Безалкогольное;2174;225;489150;87373
01.01.2025;Кофе американо;Безалкогольное;2118;235;497730;90121
01.02.2025;Кофе американо;Безалкогольное;1994;235;468590;84167
01.03.2025;Кофе американо;Безалкогольное;1720;235;404200;70142
01.04.2025;Кофе американо;Безалкогольное;1463;235;343805;61153
01.05.2025;Кофе американо;Безалкогольное;1265;235;297275;54218
01.06.2025;Кофе американо;Безалкогольное;1112;230;255760;45959
01.07.2025;Кофе американо;Безалкогольное;1121;235;263435;45647
01.08.2025;Кофе американо;Безалкогольное;1185;235;278475;51062
01.09.2025;Кофе американо;Безалкогольное;1423;235;334405;59809
01.10.2025;Кофе американо;Безалкогольное;1736;235;407960;73693
01.11.2025;Кофе американо;Безалкогольное;1978;235;464830;84817
01.12.2025;Кофе американо;Безалкогольное;2347;235;551545;99161
01.01.2023;Чай с травами Шира;Безалкогольное;1126;190;213940;24795
01.02.2023;Чай с травами Шира;Безалкогольное;1196;190;227240;27089
01.03.2023;Чай с травами Шира;Безалкогольное;1057;190;200830;24163
01.04.2023;Чай с травами Шира;Безалкогольное;962;190;182780;21068
01.05.2023;Чай с травами Шира;Безалкогольное;722;190;137180;16361
01.06.2023;Чай с травами Шира;Безалкогольное;697;190;132430;15634
01.07.2023;Чай с травами Шира;Безалкогольное;657;190;124830;15078
01.08.2023;Чай с травами Шира;Безалкогольное;677;190;128630;15503
01.09.2023;Чай с травами Шира;Безалкогольное;829;195;161655;18396
01.10.2023;Чай с травами Шира;Безалкогольное;893;190;169670;20369
01.11.2023;Чай с травами Шира;Безалкогольное;988;190;187720;23198
01.12.2023;Чай с травами Шира;Безалкогольное;1359;190;258210;30537
01.01.2024;Чай с травами Шира;Безалкогольное;1256;205;257480;31337
01.02.2024;Чай с травами Шира;Безалкогольное;1223;205;250715;30489
01.03.2024;Чай с травами Шира;Безалкогольное;1061;205;217505;26801
01.04.2024;Чай с травами Шира;Безалкогольное;881;205;180605;21681
01.05.2024;Чай с травами Шира;Безалкогольное;812;205;166460;19520
01.06.2024;Чай с травами Шира;Безалкогольное;691;205;141655;16798
01.07.2024;Чай с травами Шира;Безалкогольное;662;205;135710;16398
01.08.2024;Чай с травами Шира;Безалкогольное;658;205;134890;16522
01.09.2024;Чай с травами Шира;Безалкогольное;856;205;175480;20929
01.10.2024;Чай с травами Шира;Безалкогольное;1035;205;212175;25202
01.11.2024;Чай с травами Шира;Безалкогольное;1157;205;237185;27675
01.12.2024;Чай с травами Шира;Безалкогольное;1343;205;275315;32407
01.01.2025;Чай с травами Шира;Безалкогольное;1249;215;268535;31387
01.02.2025;Чай с травами Шира;Безалкогольное;1103;215;237145;28358
01.03.2025;Чай с травами Шира;Безалкогольное;1046;215;224890;26171
01.04.2025;Чай с травами Шира;Безалкогольное;859;220;188980;22609
01.05.2025;Чай с травами Шира;Безалкогольное;753;220;165660;19540
01.06.2025;Чай с травами Шира;Безалкогольное;722;215;155230;18324
01.07.2025;Чай с травами Шира;Безалкогольное;700;220;154000;19040
01.08.2025;Чай с травами Шира;Безалкогольное;703;215;151145;18447
01.09.2025;Чай с травами Шира;Безалкогольное;869;215;186835;22646
01.10.2025;Чай с травами Шира;Безалкогольное;957;220;210540;26270
01.11.2025;Чай с травами Шира;Безалкогольное;1120;215;240800;28146
01.12.2025;Чай с травами Шира;Безалкогольное;1393;215;299495;36901
01.01.2023;Рыба и картофель;Кухня;1286;695;893770;334682
01.02.2023;Рыба и картофель;Кухня;1310;695;910450;347713
01.03.2023;Рыба и картофель;Кухня;1358;690;937020;368412
01.04.2023;Рыба и картофель;Кухня;1210;695;840950;315774
01.05.2023;Рыба и картофель;Кухня;1400;695;973000;364756
01.06.2023;Рыба и картофель;Кухня;1288;690;888720;327422
01.07.2023;Рыба и картофель;Кухня;1224;695;850680;317016
01.08.2023;Рыба и картофель;Кухня;1332;690;919080;345228
01.09.2023;Рыба и картофель;Кухня;1318;690;909420;342430
01.10.2023;Рыба и картофель;Кухня;1290;690;890100;341708
01.11.2023;Рыба и картофель;Кухня;1374;690;948060;352555
01.12.2023;Рыба и картофель;Кухня;1286;690;887340;335685
01.01.2024;Рыба и картофель;Кухня;1344;730;981120;373108
01.02.2024;Рыба и картофель;Кухня;1309;725;949025;361467
01.03.2024;Рыба и картофель;Кухня;1440;725;1044000;388253
01.04.2024;Рыба и картофель;Кухня;1256;725;910600;351127
01.05.2024;Рыба и картофель;Кухня;1207;730;881110;335872
01.06.2024;Рыба и картофель;Кухня;1427;725;1034575;390256
01.07.2024;Рыба и картофель;Кухня;1373;725;995425;385360
01.08.2024;Рыба и картофель;Кухня;1343;730;980390;383144
01.09.2024;Рыба и картофель;Кухня;1302;725;943950;355225
01.10.2024;Рыба и картофель;Кухня;1393;725;1009925;377796
01.11.2024;Рыба и картофель;Кухня;1370;725;993250;373983
01.12.2024;Рыба и картофель;Кухня;1460;725;1058500;393382
01.01.2025;Рыба и картофель;Кухня;1380;790;1090200;417685
01.02.2025;Рыба и картофель;Кухня;727;785;570695;210808
01.03.2025;Рыба и картофель;Кухня;1439;795;1144005;422908
01.04.2025;Рыба и картофель;Кухня;1536;785;1205760;467420
01.05.2025;Рыба и картофель;Кухня;1377;785;1080945;400266
01.06.2025;Рыба и картофель;Кухня;1374;790;1085460;418301
01.07.2025;Рыба и картофель;Кухня;1403;785;1101355;407838
01.08.2025;Рыба и картофель;Кухня;1464;790;1156560;443826
01.09.2025;Рыба и картофель;Кухня;1407;790;1111530;413616
01.10.2025;Рыба и картофель;Кухня;1367;785;1073095;407011
01.11.2025;Рыба и картофель;Кухня;1443;785;1132755;429942
01.12.2025;Рыба и картофель;Кухня;1557;795;1237815;476146
01.01.2023;Пастуший пирог;Кухня;840;620;520800;180172
01.02.2023;Пастуший пирог;Кухня;898;620;556760;193923
01.03.2023;Пастуший пирог;Кухня;776;615;477240;165257
01.04.2023;Пастуший пирог;Кухня;720;620;446400;160013
01.05.2023;Пастуший пирог;Кухня;633;620;392460;135563
01.06.2023;Пастуший пирог;Кухня;534;620;331080;112711
01.07.2023;Пастуший пирог;Кухня;593;620;367660;127264
01.08.2023;Пастуший пирог;Кухня;579;620;358980;127918
01.09.2023;Пастуший пирог;Кухня;752;625;470000;161740
01.10.2023;Пастуший пирог;Кухня;906;625;566250;196439
01.11.2023;Пастуший пирог;Кухня;1026;620;636120;211992
01.12.2023;Пастуший пирог;Кухня;1186;620;735320;254302
01.01.2024;Пастуший пирог;Кухня;1073;655;702815;246769
01.02.2024;Пастуший пирог;Кухня;1133;650;736450;256636
01.03.2024;Пастуший пирог;Кухня;988;655;647140;226884
01.04.2024;Пастуший пирог;Кухня;928;650;603200;210044
01.05.2024;Пастуший пирог;Кухня;903;650;586950;199346
01.06.2024;Пастуший пирог;Кухня;686;650;445900;156525
01.07.2024;Пастуший пирог;Кухня;693;650;450450;155128
01.08.2024;Пастуший пирог;Кухня;775;650;503750;169492
01.09.2024;Пастуший пирог;Кухня;937;650;609050;215435
01.10.2024;Пастуший пирог;Кухня;1091;650;709150;243751
01.11.2024;Пастуший пирог;Кухня;1190;650;773500;259087
01.12.2024;Пастуший пирог;Кухня;1437;650;934050;326673
01.01.2025;Пастуший пирог;Кухня;1367;695;950065;340000
01.02.2025;Пастуший пирог;Кухня;716;690;494040;169971
01.03.2025;Пастуший пирог;Кухня;1249;695;868055;314673
01.04.2025;Пастуший пирог;Кухня;1051;690;725190;252103
01.05.2025;Пастуший пирог;Кухня;941;690;649290;226790
01.06.2025;Пастуший пирог;Кухня;980;685;671300;244138
01.07.2025;Пастуший пирог;Кухня;824;690;568560;194134
01.08.2025;Пастуший пирог;Кухня;888;690;612720;218981
01.09.2025;Пастуший пирог;Кухня;1174;695;815930;286738
01.10.2025;Пастуший пирог;Кухня;1312;690;905280;316599
01.11.2025;Пастуший пирог;Кухня;1667;695;1158565;411966
01.12.2025;Пастуший пирог;Кухня;1879;690;1296510;455094
01.01.2023;Бургер «Бри»;Кухня;972;635;617220;247578
01.02.2023;Бургер «Бри»;Кухня;1010;640;646400;250106
01.03.2023;Бургер «Бри»;Кухня;1078;635;684530;266374
01.04.2023;Бургер «Бри»;Кухня;941;640;602240;243973
01.05.2023;Бургер «Бри»;Кухня;1059;640;677760;270130
01.06.2023;Бургер «Бри»;Кухня;1022;640;654080;262777
01.07.2023;Бургер «Бри»;Кухня;969;635;615315;243326
01.08.2023;Бургер «Бри»;Кухня;1036;635;657860;265599
01.09.2023;Бургер «Бри»;Кухня;1005;640;643200;252486
01.10.2023;Бургер «Бри»;Кухня;995;645;641775;255576
01.11.2023;Бургер «Бри»;Кухня;919;640;588160;232994
01.12.2023;Бургер «Бри»;Кухня;902;640;577280;232382
01.01.2024;Бургер «Бри»;Кухня;903;685;618555;240279
01.02.2024;Бургер «Бри»;Кухня;918;685;628830;249981
01.03.2024;Бургер «Бри»;Кухня;986;685;675410;269809
01.04.2024;Бургер «Бри»;Кухня;883;685;604855;245333
01.05.2024;Бургер «Бри»;Кухня;948;685;649380;252832
01.06.2024;Бургер «Бри»;Кухня;927;690;639630;263824
01.07.2024;Бургер «Бри»;Кухня;949;685;650065;259400
01.08.2024;Бургер «Бри»;Кухня;891;690;614790;242299
01.09.2024;Бургер «Бри»;Кухня;868;680;590240;231600
01.10.2024;Бургер «Бри»;Кухня;862;685;590470;230051
01.11.2024;Бургер «Бри»;Кухня;866;685;593210;231170
01.12.2024;Бургер «Бри»;Кухня;881;685;603485;246513
01.01.2025;Бургер «Бри»;Кухня;850;730;620500;251558
01.02.2025;Бургер «Бри»;Кухня;469;730;342370;135710
01.03.2025;Бургер «Бри»;Кухня;858;725;622050;243681
01.04.2025;Бургер «Бри»;Кухня;871;735;640185;259253
01.05.2025;Бургер «Бри»;Кухня;888;735;652680;265423
01.06.2025;Бургер «Бри»;Кухня;903;730;659190;267740
01.07.2025;Бургер «Бри»;Кухня;847;730;618310;243318
01.08.2025;Бургер «Бри»;Кухня;915;735;672525;268763
01.01.2023;Похлёбка Сэма;Кухня;705;450;317250;95549
01.02.2023;Похлёбка Сэма;Кухня;815;450;366750;110367
01.03.2023;Похлёбка Сэма;Кухня;703;450;316350;95207
01.04.2023;Похлёбка Сэма;Кухня;580;455;263900;79779
01.05.2023;Похлёбка Сэма;Кухня;535;450;240750;71615
01.06.2023;Похлёбка Сэма;Кухня;443;450;199350;60478
01.07.2023;Похлёбка Сэма;Кухня;446;445;198470;61156
01.08.2023;Похлёбка Сэма;Кухня;434;450;195300;58551
01.09.2023;Похлёбка Сэма;Кухня;575;450;258750;78878
01.10.2023;Похлёбка Сэма;Кухня;671;450;301950;90424
01.11.2023;Похлёбка Сэма;Кухня;746;450;335700;96570
01.12.2023;Похлёбка Сэма;Кухня;841;450;378450;115949
01.01.2024;Похлёбка Сэма;Кухня;771;485;373935;112350
01.02.2024;Похлёбка Сэма;Кухня;711;490;348390;103131
01.03.2024;Похлёбка Сэма;Кухня;682;490;334180;104653
01.04.2024;Похлёбка Сэма;Кухня;641;490;314090;96054
01.05.2024;Похлёбка Сэма;Кухня;590;490;289100;87544
01.06.2024;Похлёбка Сэма;Кухня;491;490;240590;72275
01.07.2024;Похлёбка Сэма;Кухня;444;485;215340;64327
01.08.2024;Похлёбка Сэма;Кухня;494;490;242060;73818
01.09.2024;Похлёбка Сэма;Кухня;606;490;296940;87852
01.10.2024;Похлёбка Сэма;Кухня;659;490;322910;94178
01.11.2024;Похлёбка Сэма;Кухня;795;490;389550;115831
01.12.2024;Похлёбка Сэма;Кухня;945;490;463050;134511
01.01.2025;Похлёбка Сэма;Кухня;883;525;463575;137880
01.02.2025;Похлёбка Сэма;Кухня;383;525;201075;61088
01.03.2025;Похлёбка Сэма;Кухня;710;530;376300;113209
01.04.2025;Похлёбка Сэма;Кухня;588;530;311640;90046
01.05.2025;Похлёбка Сэма;Кухня;563;525;295575;87896
01.06.2025;Похлёбка Сэма;Кухня;563;525;295575;92163
01.07.2025;Похлёбка Сэма;Кухня;486;520;252720;74732
01.08.2025;Похлёбка Сэма;Кухня;526;525;276150;79952
01.09.2025;Похлёбка Сэма;Кухня;659;525;345975;100082
01.10.2025;Похлёбка Сэма;Кухня;673;530;356690;105701
01.11.2025;Похлёбка Сэма;Кухня;821;525;431025;128478
01.12.2025;Похлёбка Сэма;Кухня;949;525;498225;148528
01.01.2023;Сырная тарелка;Закуски;516;590;304440;128474
01.02.2023;Сырная тарелка;Закуски;451;600;270600;115253
01.03.2023;Сырная тарелка;Закуски;499;590;294410;125533
01.04.2023;Сырная тарелка;Закуски;542;590;319780;132378
01.05.2023;Сырная тарелка;Закуски;473;590;279070;118997
01.06.2023;Сырная тарелка;Закуски;460;590;271400;114135
01.07.2023;Сырная тарелка;Закуски;515;585;301275;130001
01.08.2023;Сырная тарелка;Закуски;517;590;305030;127958
01.09.2023;Сырная тарелка;Закуски;503;590;296770;129814
01.10.2023;Сырная тарелка;Закуски;582;595;346290;150307
01.11.2023;Сырная тарелка;Закуски;561;590;330990;140777
01.12.2023;Сырная тарелка;Закуски;764;590;450760;185408
01.01.2024;Сырная тарелка;Закуски;481;630;303030;127388
01.02.2024;Сырная тарелка;Закуски;442;630;278460;118677
01.03.2024;Сырная тарелка;Закуски;516;630;325080;135997
01.04.2024;Сырная тарелка;Закуски;552;630;347760;143724
01.05.2024;Сырная тарелка;Закуски;548;635;347980;144738
01.06.2024;Сырная тарелка;Закуски;624;635;396240;164836
01.07.2024;Сырная тарелка;Закуски;701;630;441630;182603
01.08.2024;Сырная тарелка;Закуски;552;630;347760;142560
01.09.2024;Сырная тарелка;Закуски;550;630;346500;144744
01.10.2024;Сырная тарелка;Закуски;503;635;319405;131529
01.11.2024;Сырная тарелка;Закуски;543;630;342090;141669
01.12.2024;Сырная тарелка;Закуски;763;630;480690;191872
01.01.2025;Сырная тарелка;Закуски;500;690;345000;143425
01.02.2025;Сырная тарелка;Закуски;463;690;319470;131288
01.03.2025;Сырная тарелка;Закуски;514;690;354660;146392
01.04.2025;Сырная тарелка;Закуски;573;685;392505;161099
01.05.2025;Сырная тарелка;Закуски;583;695;405185;177127
01.06.2025;Сырная тарелка;Закуски;537;690;370530;153314
01.07.2025;Сырная тарелка;Закуски;575;690;396750;160511
01.08.2025;Сырная тарелка;Закуски;571;690;393990;163494
01.09.2025;Сырная тарелка;Закуски;539;685;369215;152241
01.10.2025;Сырная тарелка;Закуски;577;695;401015;170602
01.11.2025;Сырная тарелка;Закуски;635;695;441325;186080
01.12.2025;Сырная тарелка;Закуски;739;695;513605;211162
01.01.2023;Куриные крылья;Закуски;985;480;472800;174975
01.02.2023;Куриные крылья;Закуски;1109;480;532320;207427
01.03.2023;Куриные крылья;Закуски;1152;480;552960;199515
01.04.2023;Куриные крылья;Закуски;1163;480;558240;204537
01.05.2023;Куриные крылья;Закуски;1203;480;577440;209334
01.06.2023;Куриные крылья;Закуски;1503;480;721440;264708
01.07.2023;Куриные крылья;Закуски;1650;485;800250;287595
01.08.2023;Куриные крылья;Закуски;1581;480;758880;284770
01.09.2023;Куриные крылья;Закуски;1269;480;609120;217481
01.10.2023;Куриные крылья;Закуски;1209;480;580320;217959
01.11.2023;Куриные крылья;Закуски;1067;480;512160;186480
01.12.2023;Куриные крылья;Закуски;1168;480;560640;216944
01.01.2024;Куриные крылья;Закуски;1015;520;527800;198128
01.02.2024;Куриные крылья;Закуски;1068;520;555360;204757
01.03.2024;Куриные крылья;Закуски;1112;520;578240;217307
01.04.2024;Куриные крылья;Закуски;1235;520;642200;237379
01.05.2024;Куриные крылья;Закуски;1475;520;767000;283834
01.06.2024;Куриные крылья;Закуски;2076;515;1069140;400294
01.07.2024;Куриные крылья;Закуски;2113;515;1088195;393377
01.08.2024;Куриные крылья;Закуски;1678;520;872560;327009
01.09.2024;Куриные крылья;Закуски;1416;515;729240;264693
01.10.2024;Куриные крылья;Закуски;1207;520;627640;229946
01.11.2024;Куриные крылья;Закуски;1126;515;579890;215066
01.12.2024;Куриные крылья;Закуски;1248;520;648960;246131
01.01.2025;Куриные крылья;Закуски;1071;560;599760;221151
01.02.2025;Куриные крылья;Закуски;1041;560;582960;216112
01.03.2025;Куриные крылья;Закуски;1284;560;719040;262090
01.04.2025;Куриные крылья;Закуски;1339;555;743145;268550
01.05.2025;Куриные крылья;Закуски;1540;555;854700;311388
01.06.2025;Куриные крылья;Закуски;1620;555;899100;327937
01.07.2025;Куриные крылья;Закуски;1937;555;1075035;387652
01.08.2025;Куриные крылья;Закуски;1804;555;1001220;377415
01.09.2025;Куриные крылья;Закуски;1456;555;808080;303853
01.10.2025;Куриные крылья;Закуски;1340;560;750400;279243
01.11.2025;Куриные крылья;Закуски;1285;555;713175;264376
01.12.2025;Куриные крылья;Закуски;1382;555;767010;295209
01.01.2023;Луковые кольца;Закуски;876;290;254040;63843
01.02.2023;Луковые кольца;Закуски;946;290;274340;68973
01.03.2023;Луковые кольца;Закуски;922;290;267380;65932
01.04.2023;Луковые кольца;Закуски;943;290;273470;70734
01.05.2023;Луковые кольца;Закуски;942;290;273180;65968
01.06.2023;Луковые кольца;Закуски;887;290;257230;66011
01.07.2023;Луковые кольца;Закуски;996;290;288840;74122
01.08.2023;Луковые кольца;Закуски;960;290;278400;70320
01.09.2023;Луковые кольца;Закуски;845;290;245050;60418
01.10.2023;Луковые кольца;Закуски;863;290;250270;62093
01.11.2023;Луковые кольца;Закуски;945;290;274050;66972
01.12.2023;Луковые кольца;Закуски;928;290;269120;68347
01.01.2024;Луковые кольца;Закуски;925;310;286750;70134
01.02.2024;Луковые кольца;Закуски;928;315;292320;71103
01.03.2024;Луковые кольца;Закуски;996;310;308760;78574
01.04.2024;Луковые кольца;Закуски;920;315;289800;71254
01.05.2024;Луковые кольца;Закуски;942;310;292020;74880
01.06.2024;Луковые кольца;Закуски;1248;315;393120;96895
01.07.2024;Луковые кольца;Закуски;1211;315;381465;95269
01.08.2024;Луковые кольца;Закуски;865;315;272475;66233
01.09.2024;Луковые кольца;Закуски;805;310;249550;63128
01.10.2024;Луковые кольца;Закуски;917;315;288855;73773
01.11.2024;Луковые кольца;Закуски;950;315;299250;75364
01.12.2024;Луковые кольца;Закуски;954;310;295740;72056
01.01.2025;Луковые кольца;Закуски;880;330;290400;70426
01.02.2025;Луковые кольца;Закуски;982;330;324060;79689
01.03.2025;Луковые кольца;Закуски;938;330;309540;77648
01.04.2025;Луковые кольца;Закуски;983;330;324390;83211
01.05.2025;Луковые кольца;Закуски;983;330;324390;80862
01.06.2025;Луковые кольца;Закуски;885;335;296475;76004
01.07.2025;Луковые кольца;Закуски;910;335;304850;75539
01.08.2025;Луковые кольца;Закуски;912;330;300960;76717
01.09.2025;Луковые кольца;Закуски;942;330;310860;79326
01.10.2025;Луковые кольца;Закуски;920;330;303600;75734
01.11.2025;Луковые кольца;Закуски;993;330;327690;84187
01.12.2025;Луковые кольца;Закуски;946;330;312180;77884
