Статья;Группа;янв 2023;фев 2023;мар 2023;апр 2023;май 2023;июн 2023;июл 2023;авг 2023;сен 2023;окт 2023;ноя 2023;дек 2023;янв 2024;фев 2024;мар 2024;апр 2024;май 2024;июн 2024;июл 2024;авг 2024;сен 2024;окт 2024;ноя 2024;дек 2024;янв 2025;фев 2025;мар 2025;апр 2025;май 2025;июн 2025;июл 2025;авг 2025;сен 2025;окт 2025;ноя 2025;дек 2025
Аренда помещения;Постоянные;420000;420000;420000;420000;420000;420000;420000;420000;420000;420000;420000;420000;420000;420000;420000;420000;420000;420000;420000;420000;420000;420000;420000;420000;420000;420000;420000;420000;420000;420000;420000;420000;420000;420000;420000;420000
Зарплата бар;Персонал;622800;622200;614000;630600;601800;622400;620200;631900;616700;644700;624400;614600;696200;718300;683100;682200;700200;692000;705100;719200;688900;708200;698900;728800;782200;803900;773300;793800;778900;771200;789000;801700;825300;800800;787800;820800
Зарплата кухня;Персонал;529600;515200;545400;557800;556500;551100;540700;561200;564500;542100;570500;560200;596900;621100;616300;621400;644000;609400;632900;627600;634000;620500;610300;607800;680200;668600;654900;687800;684600;695200;689800;695900;697000;703600;687000;712600
Закупка пива и напитков;Закупки;741100;729900;851900;1025600;1083600;1260900;1381900;1403700;1093400;1064400;878700;1042700;861500;872600;1004300;1074800;1219300;1405300;1478800;1497500;1162600;1033800;918600;1047600;927500;855000;984600;1093000;1342600;1548700;1591000;1472000;1261900;1213700;1013600;1111900
Продукты для кухни;Закупки;892700;843500;802000;692300;629000;484800;542300;580200;725300;795800;948900;910700;981400;953200;771800;734100;661300;586900;585400;568600;675600;809600;939300;1121800;1068900;984100;956600;801800;744000;679000;582700;638500;764600;845200;1002700;1221900
Коммунальные услуги;Постоянные;129600;113900;109500;89800;83000;69700;69800;74300;95500;113800;110600;130900;112000;129400;111900;101400;72200;75600;68700;78200;92500;113700;111500;140900;131400;135100;112500;105600;88400;78800;76300;76400;96700;107200;124500;131400
Музыка и мероприятия;Маркетинг;59400;50000;70400;87000;65100;71100;59000;59000;59700;67000;81400;126700;80300;61300;67300;31600;96100;105100;72700;73000;36800;67500;62100;77200;61100;64700;88600;89100;73300;68100;68600;91400;73800;47300;36800;119800
Реклама;Маркетинг;50600;34700;54600;53900;52800;51800;61600;41100;74000;49400;74500;61200;50900;84800;44500;31200;61200;47600;49300;45800;70400;64800;56000;22900;76800;62600;30900;47500;44400;68400;39300;66900;63200;29800;43500;75700
Ремонт и обслуживание;Прочие;35200;37800;26200;40800;15900;21400;47400;28800;20400;14600;31500;42300;7500;33900;35400;39900;31500;35700;36200;44800;40500;28600;20100;6600;39100;387700;25600;38900;25600;21500;29700;33100;27900;24600;51800;38400
